ID,Group,Presence of Food,Presence of Extra Item,Time of Day,Location,Time For 2nd Person,Time For 3rd Person,Time For 4th Person,Time For 5th Person,Time For 6th Person
1,4,1,2,1,1,18.19,22.81,11.27,N/A,N/A
2,3,2,2,1,1,18.37,50.48,N/A,N/A,N/A
3,3,2,2,1,1,40.23,12.12,N/A,N/A,N/A
4,4,2,1,1,1,22.16,30.32,11.19,N/A,N/A
5,3,2,1,3,3,104.88,9.95,N/A,N/A,N/A
6,6,2,1,3,3,116.61,80.04,84.13,41.98,N/A
7,5,2,1,3,3,81.9,74.66,37.79,12.48,N/A
8,5,2,2,1,1,90.28,36.57,40.98,8.14,N/A
9,4,1,2,1,1,27.12,27.91,13.33,N/A,N/A
10,3,1,2,1,1,14.81,8.36,N/A,N/A,N/A
11,3,1,1,1,1,60.43,14.21,N/A,N/A,N/A
12,3,1,1,1,1,57.62,26.02,N/A,N/A,N/A
13,4,1,1,2,2,33.95,28.71,30.14,N/A,N/A
14,5,1,2,2,2,80.64,72.3,20.91,34.29,N/A
15,5,2,1,2,2,87.26,41.49,11.89,21.4,N/A
16,6,2,1,2,2,142.22,97.68,103.4,37.19,N/A
17,3,2,1,1,1,26.24,29.44,N/A,N/A,N/A
18,3,1,2,1,1,17.99,11.01,N/A,N/A,N/A
19,3,1,2,1,1,13.4,43.05,N/A,N/A,N/A
20,4,1,2,1,1,17.73,12.7,N/A,N/A,N/A
21,3,2,2,1,1,19.25,N/A,N/A,N/A,N/A
22,3,2,2,1,1,21.8,N/A,N/A,N/A,N/A
23,4,2,1,1,1,73.84,6.19,66.83,N/A,N/A
24,4,1,2,4,2,N/A,N/A,N/A,N/A,N/A
25,3,2,1,3,2,20.41,N/A,N/A,N/A,N/A
26,4,2,1,3,2,22.5,70,N/A,N/A,N/A
27,3,2,1,3,2,59.97,N/A,N/A,N/A,N/A
28,3,2,1,1,1,18.53,25.35,N/A,N/A,N/A
29,3,2,2,1,1,33.93,23.3,N/A,N/A,N/A
30,4,2,2,1,1,30.2,19.3,49.14,N/A,N/A
31,3,2,1,1,1,16.03,59.07,N/A,N/A,N/A
32,3,2,1,2,1,6.03,12.78,N/A,N/A,N/A
33,6,1,2,2,2,18.46,31.55,N/A,N/A,N/A
34,3,1,1,2,2,9.78,17.77,N/A,N/A,N/A
35,3,2,2,2,2,17.34,13.61,N/A,N/A,N/A
36,3,2,2,2,2,22.63,N/A,N/A,N/A,N/A
37,5,2,2,2,1,18.25,31.93,17.83,N/A,N/A
38,4,2,2,3,3,N/A,N/A,N/A,N/A,N/A
39,3,2,1,3,3,16.47,23.89,N/A,N/A,N/A
40,3,1,2,3,3,12.37,17.7,N/A,N/A,N/A
41,4,2,2,3,3,14.65,19.8,N/A,N/A,N/A
42,3,2,1,3,3,11.98,32.91,N/A,N/A,N/A
